﻿{"cameraMode":{"drawMode":0,"name":"Shaded","section":"Shading Mode"},"sceneLighting":true,"audioPlay":false,"sceneViewState":{"showFog":false,"showMaterialUpdate":false,"showSkybox":false,"showFlares":false,"showImageEffects":false,"showParticleSystems":true},"in2DMode":false,"pivot":{"x":10.014942169189454,"y":6.903694152832031,"z":13.683991432189942},"rotation":{"x":-0.06888984888792038,"y":-0.8861796855926514,"z":0.43630439043045046,"w":-0.1399223506450653},"size":22.739253997802736,"orthographic":false}